# OSGKeyboard · AI / Tech / Brand seed lexicon (curated, permissive sources only)
# Columns: word	pinyin	aliases	category	weight
# aliases: pipe-separated alternate spellings / ASR confusions
# License: curated by OSGKeyboard contributors (MIT). No third-party data bundled.
#
# --- AI brands & products ---
DeepSeek		deepseek|Deepseek|deep seek	ai_brand	100
深度求索	shen du qiu suo		ai_brand	100
OpenAI		open ai|Open AI	ai_brand	100
ChatGPT		chat gpt|Chat GPT|chatgpt	ai_brand	100
GPT		gpt-4|GPT-4|GPT-4o|gpt4o	ai_model	95
Anthropic		anthropic|Athropic|Anthropic	ai_brand	100
Claude		claude|Claude Sonnet|Claude Opus	ai_brand	100
Google		google|Alphabet	tech_company	95
Gemini		gemini|Bard|Google Gemini	ai_brand	95
Meta		meta|Facebook	tech_company	95
Llama		llama|LLaMA|Llama 3|Llama 4	ai_model	90
Microsoft		microsoft|MSFT	tech_company	95
Copilot		copilot|GitHub Copilot|Microsoft Copilot	ai_brand	90
GitHub Copilot		github copilot	ai_brand	88
DeepMind		deep mind|Google DeepMind	ai_brand	88
Mistral		mistral ai|Mistral AI	ai_brand	85
Cohere		cohere	ai_brand	80
Perplexity		perplexity ai|Perplexity AI	ai_brand	88
Cursor		cursor ai|Cursor AI	dev_tool	90
Kimi		kimi|Kimi AI|Moonshot|Moonshot AI	ai_brand	95
月之暗面	yue zhi an mian		ai_brand	90
Qwen		qwen|Qwen2|Qwen3|通义千问|千问	ai_brand	95
通义千问	tong yi qian wen	Qwen|qwen	ai_brand	95
GLM		glm|GLM-4|GLM-5|智谱|Zhipu	ai_brand	90
智谱	zhi pu	GLM|Zhipu AI	ai_brand	88
Zhipu AI		zhipu|智谱	ai_brand	88
文心一言	wen xin yi yan	ERNIE|Ernie	ai_brand	90
ERNIE		ernie|文心一言	ai_brand	88
豆包	dou bao	Doubao|doubao	ai_brand	90
Doubao		dou bao|豆包	ai_brand	88
混元	hun yuan	Hunyuan|腾讯混元	ai_brand	85
Hunyuan		hun yuan|混元	ai_brand	85
星火	xing huo	Spark|讯飞星火	ai_brand	85
讯飞		iFlytek|iflytek|科大讯飞	ai_brand	85
iFlytek		iflytek|讯飞	ai_brand	85
Midjourney		mid journey|Mid Journey	ai_brand	88
Stable Diffusion		stable diffusion|SD	ai_brand	85
DALL-E		dalle|DALL E|Dall-E	ai_brand	85
Sora		sora ai|Sora AI	ai_brand	88
Hugging Face		huggingface|HuggingFace|HF	ai_platform	85
Ollama		ollama	ai_platform	82
LangChain		lang chain|Langchain	ai_platform	80
vLLM		vllm|VLLM	ai_platform	80
xAI		x ai|Grok	ai_brand	88
Grok		grok|xAI	ai_brand	85
Groq		groq|GROQ	ai_brand	82
Replicate		replicate	ai_platform	78
Runway		runway ai|Runway ML	ai_brand	80
Pika		pika ai|Pika Labs	ai_brand	75
ElevenLabs		eleven labs|Eleven Labs	ai_brand	80
Character AI		character.ai|Character.AI	ai_brand	78
Notion AI		notion ai	ai_brand	75
Windsurf		windsurf|Codeium Windsurf	dev_tool	82
Codeium		codeium	ai_brand	80
Cline		cline|Cline AI	dev_tool	78
Aider		aider	ai_brand	75
Replit		replit|Replit Agent	dev_tool	78
SiliconFlow		silicon flow|Silicon Flow	ai_platform	80
OpenRouter		open router|Open Router	ai_platform	82
DeepSeek-R1		deepseek r1|DeepSeek R1|R1	ai_model	92
DeepSeek-V3		deepseek v3|DeepSeek V3	ai_model	90
o1		openai o1|O1	ai_model	88
o3		openai o3|O3	ai_model	88
Sonnet		claude sonnet|Sonnet 4	ai_model	85
Opus		claude opus|Opus 4	ai_model	85
MiniMax		minimax|MiniMax AI	ai_brand	85
StepFun		step fun|阶跃星辰	ai_brand	82
阶跃星辰	jie yue xing chen	StepFun	ai_brand	80
百川		bai chuan|Baichuan	ai_brand	82
Baichuan		baichuan|百川	ai_brand	82
零一万物		ling yi wan wu|01.AI|Yi	ai_brand	82
01.AI		01 ai|零一万物	ai_brand	80
面壁智能	mian bi zhi neng	MiniCPM	ai_brand	78
MiniCPM		minicpm|面壁	ai_model	75
#
# --- AI / dev terminology ---
Transformer		transformer|变换器	ai_term	95
RAG		rag|检索增强生成|retrieval augmented generation	ai_term	95
检索增强生成	jian suo zeng qiang sheng cheng	RAG	ai_term	92
LoRA		lora|低秩适配	ai_term	90
微调	wei tiao	fine-tuning|fine tuning	ai_term	90
fine-tuning		fine tuning|微调	ai_term	88
MoE		moe|mixture of experts|混合专家	ai_term	88
混合专家	hun he zhuan jia	MoE	ai_term	85
embedding		嵌入|embeddings	ai_term	90
嵌入	qian ru	embedding	ai_term	88
tokenizer		tokenizer|分词器	ai_term	85
幻觉	huan jue	hallucination	ai_term	88
hallucination		幻觉	ai_term	85
提示词	ti shi ci	prompt|Prompt	ai_term	92
prompt		prompt engineering|提示词	ai_term	90
智能体	zhi neng ti	agent|Agent|AI agent	ai_term	92
agent		agentic|智能体|AI agent	ai_term	90
agentic		agentic AI|智能体	ai_term	88
vibe coding		vibe code|Vibe Coding|氛围编程	ai_term	95
氛围编程	fen wei bian cheng	vibe coding	ai_term	90
MCP		model context protocol|MCP server	ai_term	92
上下文窗口	shang xia wen chuang kou	context window	ai_term	88
context window		上下文窗口	ai_term	85
diffusion		扩散模型	ai_term	85
扩散模型	kuo san mo xing	diffusion	ai_term	82
推理	tui li	inference|reasoning	ai_term	88
inference		推理	ai_term	85
RLHF		rlhf|人类反馈强化学习	ai_term	85
chain of thought		chain-of-thought|思维链	ai_term	88
思维链	si wei lian	chain of thought	ai_term	85
多模态	duo mo tai	multimodal	ai_term	88
multimodal		多模态	ai_term	85
AGI		agi|通用人工智能	ai_term	90
通用人工智能	tong yong ren gong zhi neng	AGI	ai_term	88
LLM		llm|大语言模型|large language model	ai_term	92
大语言模型	da yu yan mo xing	LLM	ai_term	90
大模型	da mo xing	LLM|large model	ai_term	92
SLM		slm|小语言模型	ai_term	80
量化	liang hua	quantization	ai_term	85
quantization		量化	ai_term	82
function calling		tool calling|工具调用	ai_term	88
工具调用	gong ju diao yong	function calling	ai_term	85
流式	liu shi	streaming	ai_term	82
streaming		流式	ai_term	80
AIGC		aigc|生成式人工智能	ai_term	88
生成式人工智能	sheng cheng shi ren gong zhi neng	GenAI|AIGC	ai_term	85
GenAI		gen ai|生成式AI	ai_term	88
prompt engineering		提示工程	ai_term	85
提示工程	ti shi gong cheng	prompt engineering	ai_term	82
reasoning model		推理模型|thinking model	ai_term	88
推理模型	tui li mo xing	reasoning model	ai_term	85
jailbreak		越狱	ai_term	75
越狱	yue yu	jailbreak	ai_term	72
SWE-bench		swe bench|SWE bench	ai_term	80
benchmark		基准测试	ai_term	78
open weight		open weights|开放权重	ai_term	82
开放权重	kai fang quan zhong	open weight	ai_term	80
distillation		蒸馏|知识蒸馏	ai_term	82
知识蒸馏	zhi shi zheng liu	distillation	ai_term	80
pretraining		pre-training|预训练	ai_term	82
预训练	yu xun lian	pretraining	ai_term	80
vector database		向量数据库	ai_term	82
向量数据库	xiang liang shu ju ku	vector database	ai_term	80
RAG pipeline		rag pipeline	ai_term	78
AI native		AI-native|AI原生	ai_term	82
AI原生	AI yuan sheng	AI native	ai_term	80
computer use		computer-use|电脑使用	ai_term	80
deep research		deep research|深度研究	ai_term	82
on-device AI		on device ai|端侧AI	ai_term	80
端侧AI	duan ce AI	on-device AI	ai_term	78
#
# --- US / global tech companies ---
SpaceX		space x|Space X	tech_company	95
Tesla		tesla|Tesla Motors	tech_company	95
Apple		apple|苹果公司	tech_company	95
Microsoft		microsoft|微软	tech_company	95
Google		google|谷歌	tech_company	95
Alphabet		alphabet|Google	tech_company	90
Meta		meta|Facebook|脸书	tech_company	95
Amazon		amazon|AWS|亚马逊	tech_company	95
AWS		aws|Amazon Web Services	tech_company	92
Nvidia		nvidia|NVDA|英伟达	tech_company	98
英伟达	ying wei da	Nvidia|NVDA	tech_company	95
AMD		amd	tech_company	88
Intel		intel|英特尔	tech_company	88
Netflix		netflix	tech_company	85
Uber		uber	tech_company	85
Airbnb		airbnb	tech_company	82
Stripe		stripe	tech_company	88
Shopify		shopify	tech_company	82
Salesforce		salesforce	tech_company	85
Oracle		oracle	tech_company	82
IBM		ibm	tech_company	82
Adobe		adobe	tech_company	85
Spotify		spotify	tech_company	82
Reddit		reddit	tech_company	80
Discord		discord	tech_company	80
Slack		slack	tech_company	80
Zoom		zoom	tech_company	80
Palantir		palantir	tech_company	82
Neuralink		neural link|Neural Link	tech_company	85
Waymo		waymo	tech_company	85
Rivian		rivian	tech_company	80
Lucid		lucid motors|Lucid Motors	tech_company	78
Coinbase		coinbase	tech_company	82
Robinhood		robin hood|Robin Hood	fintech	78
PayPal		paypal	tech_company	82
Block		block|Square|square	fintech	78
Visa		visa	tech_company	78
Samsung		samsung|三星	tech_company	88
Sony		sony|索尼	tech_company	85
Nintendo		nintendo|任天堂	tech_company	82
TSMC		tsmc|台积电	tech_company	90
台积电	tai ji dian	TSMC	tech_company	88
ASML		asml	tech_company	85
Broadcom		broadcom	tech_company	80
Qualcomm		qualcomm|高通	tech_company	85
高通	gao tong	Qualcomm	tech_company	82
Arm		arm|ARM Holdings	tech_company	85
Snowflake		snowflake	tech_company	80
Databricks		databricks	tech_company	85
Cloudflare		cloudflare	tech_company	82
Twilio		twilio	tech_company	78
Datadog		datadog	tech_company	78
ServiceNow		service now|ServiceNow	tech_company	78
Atlassian		atlassian|Jira|Confluence	tech_company	80
Canva		canva	tech_company	80
Figma		figma	tech_company	85
Notion		notion	tech_company	82
Linear		linear app|Linear	tech_company	78
Vercel		vercel|Next.js	tech_company	82
Next.js		nextjs|NextJS|next js	dev_tool	85
Vercel		vercel	tech_company	80
Supabase		supabase	tech_company	80
Firebase		firebase	tech_company	80
MongoDB		mongodb|Mongo DB	tech_company	82
Redis		redis	tech_company	82
Elastic		elastic|Elasticsearch	tech_company	78
Docker		docker	tech_company	88
Kubernetes		kubernetes|k8s|K8s	dev_tool	90
k8s		kubernetes|Kubernetes	dev_tool	88
Terraform		terraform	tech_company	80
GitLab		gitlab	tech_company	80
Bitbucket		bitbucket	tech_company	75
Jenkins		jenkins	dev_tool	75
CircleCI		circle ci|Circle CI	dev_tool	75
#
# --- Chinese tech companies (English names) ---
Huawei		huawei|华为|HW	tech_company	95
华为	hua wei	Huawei	tech_company	95
Xiaomi		xiaomi|小米|MI	tech_company	95
小米	xiao mi	Xiaomi	tech_company	95
ByteDance		byte dance|字节跳动|Bytedance	tech_company	95
字节跳动	zi jie tiao dong	ByteDance	tech_company	95
TikTok		tik tok|Tik Tok|抖音海外	tech_company	92
Douyin		dou yin|抖音	tech_company	90
抖音	dou yin	Douyin|TikTok	tech_company	90
Alibaba		alibaba|阿里巴巴|阿里	tech_company	95
阿里巴巴	a li ba ba	Alibaba	tech_company	95
Taobao		taobao|淘宝	tech_company	88
淘宝	tao bao	Taobao	tech_company	88
Tmall		tmall|天猫	tech_company	85
天猫	tian mao	Tmall	tech_company	85
Tencent		tencent|腾讯	tech_company	95
腾讯	teng xun	Tencent	tech_company	95
WeChat		we chat|微信	tech_company	92
微信	wei xin	WeChat	tech_company	92
Baidu		baidu|百度	tech_company	92
百度	bai du	Baidu	tech_company	92
JD.com		jd.com|京东|JD	tech_company	88
京东	jing dong	JD.com	tech_company	88
Meituan		meituan|美团	tech_company	88
美团	mei tuan	Meituan	tech_company	88
Pinduoduo		pinduoduo|拼多多|PDD	tech_company	88
拼多多	pin duo duo	Pinduoduo	tech_company	88
BYD		byd|比亚迪	tech_company	95
比亚迪	bi ya di	BYD	tech_company	95
NIO		nio|蔚来	tech_company	90
蔚来	wei lai	NIO	tech_company	90
XPeng		xpeng|小鹏汽车|X Peng	tech_company	90
小鹏汽车	xiao peng qi che	XPeng	tech_company	90
Li Auto		li auto|理想汽车|理想	tech_company	90
理想汽车	li xiang qi che	Li Auto	tech_company	90
Zeekr		zeekr|极氪	tech_company	85
极氪	ji ke	Zeekr	tech_company	85
CATL		catl|宁德时代	tech_company	92
宁德时代	ning de shi dai	CATL	tech_company	92
DJI		dji|大疆	tech_company	90
大疆	da jiang	DJI	tech_company	90
SMIC		smic|中芯国际	tech_company	88
中芯国际	zhong xin guo ji	SMIC	tech_company	88
Lenovo		lenovo|联想	tech_company	88
联想	lian xiang	Lenovo	tech_company	88
Oppo		oppo|OPPO	tech_company	85
Vivo		vivo|VIVO	tech_company	85
Honor		honor|荣耀	tech_company	85
荣耀	rong yao	Honor	tech_company	85
Shein		shein|SHEIN	tech_company	85
Temu		temu	tech_company	85
Ant Group		ant group|蚂蚁集团|Alipay	tech_company	88
蚂蚁集团	ma yi ji tuan	Ant Group	tech_company	88
Alipay		alipay|支付宝	tech_company	88
支付宝	zhi fu bao	Alipay	tech_company	88
Weibo		weibo|微博	tech_company	82
微博	wei bo	Weibo	tech_company	82
Bilibili		bilibili|B站|哔哩哔哩	tech_company	88
哔哩哔哩	bi li bi li	Bilibili|B站	tech_company	88
B站	B zhan	Bilibili|哔哩哔哩	tech_company	85
NetEase		netease|网易	tech_company	85
网易	wang yi	NetEase	tech_company	85
Kuaishou		kuaishou|快手	tech_company	85
快手	kuai shou	Kuaishou	tech_company	85
SenseTime		sensetime|商汤	tech_company	82
商汤	shang tang	SenseTime	tech_company	82
Megvii		megvii|旷视	tech_company	80
旷视	kuang shi	Megvii	tech_company	80
Horizon Robotics		horizon|地平线	tech_company	82
地平线	di ping xian	Horizon	tech_company	80
Geely		geely|吉利	tech_company	82
吉利	ji li	Geely	tech_company	80
Great Wall		great wall|长城汽车	tech_company	78
长城汽车	chang cheng qi che	Great Wall	tech_company	78
#
# --- Tech leaders (bilingual where useful) ---
Elon Musk		马斯克|elon musk	tech_leader	92
马斯克	ma si ke	Elon Musk	tech_leader	92
Sam Altman		sam altman|山姆奥特曼|奥特曼	tech_leader	88
Jensen Huang		黄仁勋|jensen huang	tech_leader	90
黄仁勋	huang ren xun	Jensen Huang	tech_leader	90
Tim Cook		库克|tim cook	tech_leader	85
库克	ku ke	Tim Cook	tech_leader	85
Satya Nadella		satya nadella|纳德拉	tech_leader	82
Sundar Pichai		sundar pichai|皮查伊	tech_leader	82
Mark Zuckerberg		mark zuckerberg|扎克伯格	tech_leader	85
扎克伯格	zhai ke bo ge	Mark Zuckerberg	tech_leader	85
Jeff Bezos		jeff bezos|贝索斯	tech_leader	82
雷军	lei jun	Lei Jun	tech_leader	90
Lei Jun		lei jun|雷军	tech_leader	90
何小鹏	he xiao peng	He Xiaopeng|XPeng	tech_leader	88
He Xiaopeng		he xiao peng|何小鹏	tech_leader	88
李斌	li bin	William Li|NIO	tech_leader	85
余承东	yu cheng dong		tech_leader	82
梁文锋	liang wen feng	DeepSeek	tech_leader	85
乔布斯	qiao bu si	Steve Jobs	tech_leader	90
Steve Jobs		steve jobs|乔布斯	tech_leader	90
#
# --- Dev tools & platforms ---
GitHub		github|GitHub	tech_company	92
GitLab		gitlab	tech_company	80
VS Code		vs code|VSCode|Visual Studio Code	dev_tool	88
Visual Studio Code		vscode|VS Code	dev_tool	85
Xcode		xcode	dev_tool	85
SwiftUI		swift ui|Swift UI	dev_tool	82
React		react|ReactJS	dev_tool	85
Vue		vue|Vue.js|Vue3	dev_tool	82
TypeScript		typescript|TS	dev_tool	85
Python		python	dev_tool	88
Rust		rust	dev_tool	82
Go		golang|Golang	dev_tool	82
Node.js		nodejs|NodeJS|node js	dev_tool	82
PyTorch		pytorch|Py Torch	dev_tool	88
TensorFlow		tensorflow|Tensor Flow	dev_tool	85
Jupyter		jupyter|Jupyter Notebook	dev_tool	78
Postman		postman	dev_tool	78
Figma		figma	dev_tool	85
Notion		notion	dev_tool	82
Linear		linear	dev_tool	78
Obsidian		obsidian	dev_tool	75
Raycast		raycast	dev_tool	75
Warp		warp terminal|Warp	dev_tool	75
#
# --- Hot internet / product terms ---
SaaS		saas|SaaS	tech_term	82
API		api|API	tech_term	85
SDK		sdk|SDK	tech_term	82
GPU		gpu|GPU	tech_term	88
CUDA		cuda|CUDA	tech_term	85
NPU		npu|NPU	tech_term	82
TPU		tpu|TPU	tech_term	80
Web3		web3|Web 3	tech_term	78
区块链	qu kuai lian	blockchain	tech_term	82
blockchain		区块链	tech_term	80
元宇宙	yuan yu zhou	metaverse	tech_term	78
metaverse		元宇宙	tech_term	75
自动驾驶	zi dong jia shi	autonomous driving|FSD	tech_term	85
FSD		full self driving|全自动驾驶	tech_term	82
人形机器人	ren xing ji qi ren	humanoid robot|Optimus	tech_term	82
Optimus		optimus|擎天柱	tech_term	80
星链	xing lian	Starlink	tech_term	85
Starlink		star link|星链	tech_term	85
低空经济	di kong jing ji	low altitude economy	tech_term	80
具身智能	ju shen zhi neng	embodied AI	tech_term	82
embodied AI		具身智能	tech_term	80
出海	chu hai	go global|全球化	tech_term	78
内卷	nei juan	involution	tech_term	75
躺平	tang ping	lying flat	tech_term	72
数字游民	shu zi you min	digital nomad	tech_term	75
远程办公	yuan cheng ban gong	remote work	tech_term	78
副业	fu ye	side hustle	tech_term	72

# --- 2026 AI models, agents & coding tools ---
GPT-5		gpt five|GPT five|ChatGPT 5	ai_model	98
GPT-5.5		gpt five five|GPT five point five|gpt-5.5	ai_model	98
GPT-4o		gpt four o|GPT four oh|gpt4o	ai_model	92
Claude Code		claude code|ClaudeCode|克劳德代码	dev_tool	96
Claude Sonnet		claude sonnet|Sonnet|Sonnet 4|Sonnet 4.6	ai_model	94
Claude Opus		claude opus|Opus|Opus 4|Opus 4.7	ai_model	94
Composer		cursor composer|Composer 2|Composer 2.5	dev_tool	92
Cursor Composer		cursor composer|Composer	dev_tool	92
OpenAI Codex		openai codex|Codex|codex cli	dev_tool	92
Codex CLI		codex cli|OpenAI Codex	dev_tool	90
Gemini CLI		gemini cli	dev_tool	88
Gemini 2.5 Pro		gemini two five pro|Gemini Pro	ai_model	90
Gemini 3 Pro		gemini three pro|Gemini Pro	ai_model	92
Gemini Flash		gemini flash|Gemini 3 Flash|Gemini 2.5 Flash	ai_model	88
DeepSeek V3		deepseek v three|DeepSeek-V3	ai_model	92
DeepSeek R1		deepseek r one|DeepSeek-R1	ai_model	95
DeepSeek V4		deepseek v four|DeepSeek-V4|DeepSeek V4 Pro	ai_model	92
Qwen Coder		qwen coder|千问 coder|通义千问 coder	ai_model	90
Qwen Max		qwen max|Qwen3 Max|通义千问 Max	ai_model	88
Qwen Thinking		qwen thinking|通义千问 thinking	ai_model	86
Kimi K2		kimi k two|Kimi K2.6|Kimi K2.5	ai_model	90
Kimi Code		kimi code|Moonshot Kimi Code	dev_tool	88
GLM Coding Plan		glm coding plan|智谱 coding plan	dev_tool	84
GLM-4.6		glm four six|GLM 4.6	ai_model	84
GLM-5		glm five|GLM 5	ai_model	86
Grok 4		grok four|Grok 4.3|Grok Build	ai_model	86
Grok Build		grok build|Grok Build CLI	dev_tool	84
Llama 4		llama four|Llama Maverick|Llama Scout	ai_model	86
Llama Maverick		llama maverick|Llama 4 Maverick	ai_model	84
Mistral Large		mistral large|Mistral Large 3	ai_model	84
Devin		devin|Cognition Devin	dev_tool	88
Cognition		cognition ai|Cognition AI	ai_brand	82
Kiro		kiro|Amazon Kiro	dev_tool	84
Amazon Q		amazon q|AWS Q|Q Developer	dev_tool	84
Q Developer		q developer|Amazon Q Developer	dev_tool	82
OpenCode		open code|opencode|OpenCode AI	dev_tool	88
OpenHands		open hands|OpenHands AI	dev_tool	84
Roo Code		roo code|RooCode	dev_tool	80
Continue		continue dev|Continue.dev	dev_tool	78
Zed		zed editor|Zed AI	dev_tool	80
Trae		trae|Trae AI|Trae CN	dev_tool	84
TRAE		trae|字节 Trae	dev_tool	82
Lovable		lovable|Lovable AI	dev_tool	84
Bolt.new		bolt new|Bolt AI|StackBlitz Bolt	dev_tool	84
v0		vercel v0|v zero|V0	dev_tool	86
Replit Agent		replit agent|Replit AI	dev_tool	84
Manus		manus|Manus AI	ai_brand	86
AutoGen		autogen|Microsoft AutoGen	ai_platform	82
CrewAI		crew ai|Crew AI	ai_platform	82
LangGraph		lang graph|LangGraph	ai_platform	84
DSPy		dspy|DSPy AI	ai_platform	78
LlamaIndex		llama index|LlamaIndex	ai_platform	82
Haystack		haystack ai|Deepset Haystack	ai_platform	76
ComfyUI		comfy ui|ComfyUI	ai_platform	78
Fooocus		fooocus|Focus AI	ai_platform	72
LM Studio		lm studio|LMStudio	ai_platform	82
Open WebUI		open web ui|OpenWebUI	ai_platform	82
AnythingLLM		anything llm|Anything LLM	ai_platform	78

# --- Agent, MCP & AI engineering terms ---
Agent Mode		agent mode|代理模式|智能体模式	ai_term	92
智能体模式	zhi neng ti mo shi	Agent Mode	ai_term	90
multi-agent		multi agent|多智能体	ai_term	90
多智能体	duo zhi neng ti	multi-agent	ai_term	88
subagent		sub agent|子智能体	ai_term	86
子智能体	zi zhi neng ti	subagent	ai_term	84
tool use		tool-use|工具使用	ai_term	88
tool calling		tool-calling|工具调用	ai_term	90
structured output		structured outputs|结构化输出	ai_term	86
结构化输出	jie gou hua shu chu	structured output	ai_term	84
context engineering		context engineering|上下文工程	ai_term	92
上下文工程	shang xia wen gong cheng	context engineering	ai_term	90
prompt caching		prompt cache|提示词缓存	ai_term	84
提示词缓存	ti shi ci huan cun	prompt caching	ai_term	82
semantic search		语义搜索|semantic retrieval	ai_term	84
语义搜索	yu yi sou suo	semantic search	ai_term	82
vector search		向量搜索|vector retrieval	ai_term	84
向量搜索	xiang liang sou suo	vector search	ai_term	82
hybrid search		混合搜索|hybrid retrieval	ai_term	82
reranker		rerank|重排序模型	ai_term	82
重排序模型	chong pai xu mo xing	reranker	ai_term	80
evals		evaluation|模型评测|评测集	ai_term	86
模型评测	mo xing ping ce	evals	ai_term	84
SWE-agent		swe agent|SWE Agent	ai_term	80
WebDev Arena		web dev arena|WebDevArena	ai_term	76
LLM harness		llm harness|agent harness	ai_term	80
agent harness		agentic harness|智能体框架	ai_term	80
reasoning effort		reasoning effort|推理强度	ai_term	78
推理强度	tui li qiang du	reasoning effort	ai_term	76
test-time compute		test time compute|测试时计算	ai_term	78
上下文压缩	shang xia wen ya suo	context compression	ai_term	82
context compression		上下文压缩	ai_term	80
memory bank		memory bank|记忆库	ai_term	78
AI workflow		ai workflow|AI 工作流	ai_term	82
工作流编排	gong zuo liu bian pai	workflow orchestration	ai_term	82
workflow orchestration		工作流编排	ai_term	80
MCP server		mcp server|模型上下文协议服务器	ai_term	90
MCP client		mcp client|模型上下文协议客户端	ai_term	86
MCP Inspector		mcp inspector|MCP 调试器	dev_tool	82
Streamable HTTP		streamable http|MCP HTTP	ai_term	78
stdio transport		stdio transport|标准输入输出传输	ai_term	76

# --- Developer platforms, databases & infra ---
Neon		neon database|Neon Postgres	tech_company	84
PlanetScale		planet scale|PlanetScale MySQL	tech_company	82
Turso		turso|libSQL	tech_company	80
libSQL		lib sql|Turso	tech_term	78
Convex		convex dev|Convex database	tech_company	80
Clerk		clerk auth|Clerk	dev_tool	80
Auth0		auth zero|Auth Zero	dev_tool	78
WorkOS		work os|Work OS	dev_tool	78
Clerk Auth		clerk auth|Clerk	dev_tool	78
Drizzle		drizzle orm|Drizzle ORM	dev_tool	82
Prisma		prisma orm|Prisma ORM	dev_tool	84
Drizzle ORM		drizzle orm|Drizzle	dev_tool	82
Prisma ORM		prisma orm|Prisma	dev_tool	82
Postgres		postgres|PostgreSQL|postgre sql	tech_term	88
PostgreSQL		postgresql|Postgres|postgre sql	tech_term	88
SQLite		sqlite|SQLite	tech_term	84
DuckDB		duck db|Duck DB	tech_term	80
ClickHouse		click house|ClickHouse	tech_term	80
Kafka		kafka|Apache Kafka	tech_term	82
Redpanda		red panda|Redpanda	tech_company	76
OpenTelemetry		open telemetry|OTel	tech_term	84
OTel		otel|OpenTelemetry	tech_term	82
Grafana		grafana	dev_tool	78
Prometheus		prometheus	dev_tool	78
Sentry		sentry	dev_tool	82
SST		sst|Serverless Stack	dev_tool	76
Tailscale		tailscale	tech_company	78
Fly.io		fly io|Fly	tech_company	78
Render		render.com|Render	tech_company	76
Railway		railway app|Railway	tech_company	78
Modal		modal labs|Modal	tech_company	78
Modal Labs		modal labs|Modal	tech_company	76
Hugging Face Spaces		hugging face spaces|Spaces	ai_platform	78
Nix		nix|NixOS	tech_term	78
NixOS		nixos|Nix OS	tech_term	76
Bun		bun js|Bun runtime	dev_tool	82
Deno		deno|Deno Deploy	dev_tool	80
Biome		biome js|Biome	dev_tool	78
Turborepo		turbo repo|Turborepo	dev_tool	78
Nx		nx monorepo|Nx	dev_tool	76
pnpm		pnpm	dev_tool	76
shadcn/ui		shadcn ui|shadcn|shad cn	dev_tool	84
Tailwind CSS		tailwind css|Tailwind	dev_tool	84
React Server Components		react server components|RSC	dev_tool	82
RSC		react server components	dev_tool	80
Server Actions		server actions|React Server Actions	dev_tool	78
Astro		astro js|Astro	dev_tool	80
SvelteKit		svelte kit|SvelteKit	dev_tool	80
Remix		remix run|Remix	dev_tool	78
Nuxt		nuxt|Nuxt.js	dev_tool	78
Hono		hono js|Hono	dev_tool	78
FastAPI		fast api|FastAPI	dev_tool	82
Ktor		ktor|Ktor server	dev_tool	76

# --- Apple, Swift & on-device speech stack ---
SwiftData		swift data|SwiftData	dev_tool	88
Swift Testing		swift testing|Testing framework	dev_tool	86
App Intents		app intents|AppIntents	dev_tool	84
WidgetKit		widget kit|WidgetKit	dev_tool	82
ActivityKit		activity kit|ActivityKit	dev_tool	82
Live Activities		live activities|灵动岛实时活动	dev_tool	82
App Group		app group|App Groups	dev_tool	86
Core ML		core ml|CoreML	dev_tool	88
Create ML		create ml|CreateML	dev_tool	82
SpeechAnalyzer		speech analyzer|Speech Analyzer	dev_tool	92
DictationTranscriber		dictation transcriber|Dictation Transcriber	dev_tool	92
SpeechTranscriber		speech transcriber|Speech Transcriber	dev_tool	86
SFCustomLanguageModelData		custom language model data|SF Custom Language Model Data	dev_tool	90
SFSpeechLanguageModel		speech language model|SF Speech Language Model	dev_tool	88
AssetInventory		asset inventory|Speech AssetInventory	dev_tool	84
AVAudioEngine		av audio engine|AVAudioEngine	dev_tool	84
AVAudioSession		av audio session|AVAudioSession	dev_tool	84
TestFlight		test flight|TestFlight	dev_tool	84
App Store Connect		app store connect|AppStoreConnect	dev_tool	84
XcodeGen		xcode gen|XcodeGen	dev_tool	82
Tuist		tuist	dev_tool	78
Swift Package Manager		swift package manager|SPM	dev_tool	82
SPM		swift package manager	dev_tool	80
SF Symbols		sf symbols|SFSymbols	dev_tool	82
visionOS		vision os|Vision Pro	dev_tool	82
RealityKit		reality kit|RealityKit	dev_tool	80
Metal		metal|Metal Performance Shaders	dev_tool	80

# --- China AI, creator tools & current tech buzzwords ---
可灵	ke ling	Kling|Kling AI	ai_brand	86
Kling		kling ai|可灵	ai_brand	86
海螺AI	hai luo AI	Hailuo|MiniMax Video	ai_brand	84
Hailuo		hailuo ai|海螺AI	ai_brand	82
即梦	ji meng	Jimeng|即梦AI	ai_brand	84
Jimeng		jimeng ai|即梦	ai_brand	82
剪映	jian ying	CapCut	tech_company	84
CapCut		cap cut|剪映	tech_company	84
腾讯元宝	teng xun yuan bao	Yuanbao	ai_brand	84
元宝	yuan bao	腾讯元宝|Yuanbao	ai_brand	82
纳米AI	na mi AI	Nami AI	ai_brand	78
秘塔AI	mi ta AI	Metaso	ai_brand	80
Metaso		metaso|秘塔AI	ai_brand	78
夸克AI	kua ke AI	Quark AI	ai_brand	80
Quark		quark ai|夸克	ai_brand	78
天工	tian gong	tiangong|昆仑万维天工	ai_brand	78
商量	shang liang	SenseChat	ai_brand	76
杭州六小龙	hang zhou liu xiao long	Hangzhou Six Little Dragons	tech_term	84
AI治理	AI zhi li	AI governance	tech_term	84
AI governance		AI治理	tech_term	82
世界模型	shi jie mo xing	world model	ai_term	84
world model		世界模型	ai_term	82
端到端	duan dao duan	end-to-end	tech_term	82
end-to-end		端到端	tech_term	80
端侧模型	duan ce mo xing	on-device model	ai_term	84
on-device model		端侧模型	ai_term	82
本地模型	ben di mo xing	local model	ai_term	84
local model		本地模型	ai_term	82
具身智能体	ju shen zhi neng ti	embodied agent	ai_term	82
embodied agent		具身智能体	ai_term	80
人形机器人	ren xing ji qi ren	humanoid robot|humanoid	tech_term	86
humanoid robot		人形机器人	tech_term	84
新质生产力	xin zhi sheng chan li	new quality productive forces	tech_term	82
数字分身	shu zi fen shen	digital avatar	tech_term	78
digital avatar		数字分身	tech_term	76
AI视频	AI shi pin	AI video	tech_term	82
AI video		AI视频	tech_term	80
文生图	wen sheng tu	text-to-image	tech_term	82
图生视频	tu sheng shi pin	image-to-video	tech_term	82
文生视频	wen sheng shi pin	text-to-video	tech_term	82
小红书	xiao hong shu	Xiaohongshu|RedNote	tech_company	86
Xiaohongshu		xiao hong shu|小红书|RedNote	tech_company	84
RedNote		red note|Xiaohongshu|小红书	tech_company	82
活人感	huo ren gan	authentically human|real person vibe	tech_term	80
情绪价值	qing xu jia zhi	emotional value	tech_term	80
赛博对账	sai bo dui zhang	cyber reconciliation	tech_term	78
赛博	sai bo	cyber	tech_term	76
村咖	cun ka	village coffee	tech_term	72
拉布布	la bu bu	Labubu	tech_term	72
Labubu		labubu|拉布布	tech_term	72

# --- 2026 expansion: AI models & agents (no version numbers) ---
OpenClaw		open claw|Open Claw|龙虾|养虾|红龙虾	ai_brand	94
养虾	yang xia	OpenClaw|open claw	ai_term	88
Seedance		seed dance|即梦视频|字节 Seedance	ai_brand	90
Gemma		google gemma|Gemma AI|Gemma模型	ai_model	88
Haiku		claude haiku|Claude Haiku	ai_model	86
Claude Cowork		claude cowork|Cowork|克劳德协同	ai_brand	88
Jules		google jules|Jules AI|谷歌 Jules	dev_tool	86
MiMo		xiaomi mimo|小米 MiMo|小米大模型	ai_brand	86
Muse		meta muse|Muse Spark|缪斯	ai_model	84
Fable		claude fable|Claude Fable	ai_model	84
Lindy AI		lindy|Lindy	ai_brand	82
Harvey AI		harvey|Harvey	ai_brand	82
Decagon		decagon ai|Decagon AI	ai_brand	80
Bland AI		bland ai|Bland	ai_brand	78
Relevance AI		relevance ai|Relevance	ai_brand	78
深度思考	shen du si kao	thinking model|深度思考模式	ai_term	84

# --- Entrepreneurs & internet figures ---
马云	ma yun	Jack Ma	tech_leader	90
Jack Ma		jack ma|马云	tech_leader	90
张一鸣	zhang yi ming	Zhang Yiming	tech_leader	90
Zhang Yiming		zhang yiming|张一鸣	tech_leader	90
刘强东	liu qiang dong	Liu Qiangdong	tech_leader	88
Liu Qiangdong		liu qiangdong|刘强东|东哥	tech_leader	88
罗永浩	luo yong hao	Luo Yonghao	tech_leader	88
Luo Yonghao		luo yonghao|罗永浩|老罗	tech_leader	88
王兴	wang xing	Wang Xing	tech_leader	86
Wang Xing		wang xing|王兴|美团王兴	tech_leader	86
黄峥	huang zheng	Colin Huang	tech_leader	86
Colin Huang		colin huang|黄峥|拼多多创始人	tech_leader	86
董明珠	dong ming zhu	Dong Mingzhu	tech_leader	84
Dong Mingzhu		dong ming zhu|董明珠	tech_leader	84
马化腾	ma hua teng	Pony Ma	tech_leader	90
Pony Ma		pony ma|马化腾|小马哥	tech_leader	90
段永平	duan yong ping	Duan Yongping	tech_leader	82
Duan Yongping		duan yongping|段永平	tech_leader	82
于东来	yu dong lai	Yu Donglai	tech_leader	82
Yu Donglai		yu donglai|于东来|胖东来	tech_leader	82
周鸿祎	zhou hong yi	Zhou Hongyi	tech_leader	82
Zhou Hongyi		zhou hongyi|周鸿祎|360周鸿祎	tech_leader	82
Bill Gates		bill gates|比尔盖茨|盖茨	tech_leader	85
巴菲特	ba fei te	Warren Buffett	tech_leader	82
Warren Buffett		warren buffett|巴菲特|沃伦巴菲特	tech_leader	82
特朗普	te lang pu	Donald Trump	tech_leader	82
Donald Trump		donald trump|特朗普|川普	tech_leader	82
山姆奥特曼	shan mu ao te man	Sam Altman	tech_leader	86
Dario Amodei		dario amodei|达里奥	tech_leader	80
Demis Hassabis		demis hassabis|哈萨比斯	tech_leader	80
李飞飞	li fei fei	Fei-Fei Li	tech_leader	82
Fei-Fei Li		fei fei li|李飞飞	tech_leader	82
Andrew Ng		andrew ng|吴恩达	tech_leader	82
吴恩达	wu en da	Andrew Ng	tech_leader	82
Yann LeCun		yann lecun|杨立昆	tech_leader	80
杨立昆	yang li kun	Yann LeCun	tech_leader	80
Geoffrey Hinton		geoffrey hinton|辛顿|杰弗里辛顿	tech_leader	80
辛顿	xin dun	Geoffrey Hinton	tech_leader	78

# --- Celebrities & entertainers ---
Taylor Swift		taylor swift|霉霉|泰勒斯威夫特	celebrity	88
泰勒斯威夫特	tai le si wei fu te	Taylor Swift|霉霉	celebrity	86
霉霉	mei mei	Taylor Swift	celebrity	84
Beyoncé		beyonce|碧昂丝	celebrity	82
碧昂丝	bi ang si	Beyoncé	celebrity	80
周杰伦	zhou jie lun	Jay Chou	celebrity	90
Jay Chou		jay chou|周杰伦	celebrity	90
刘德华	liu de hua	Andy Lau	celebrity	88
Andy Lau		andy lau|刘德华	celebrity	88
成龙	cheng long	Jackie Chan	celebrity	88
Jackie Chan		jackie chan|成龙	celebrity	88
周星驰	zhou xing chi	Stephen Chow	celebrity	88
Stephen Chow		stephen chow|周星驰|星爷	celebrity	88
张艺谋	zhang yi mou	Zhang Yimou	celebrity	84
Zhang Yimou		zhang yimou|张艺谋	celebrity	84
刘亦菲	liu yi fei	Liu Yifei	celebrity	84
Liu Yifei		liu yifei|刘亦菲|神仙姐姐	celebrity	84
杨幂	yang mi	Yang Mi	celebrity	86
Yang Mi		yang mi|杨幂	celebrity	86
迪丽热巴	di li re ba	Dilraba	celebrity	84
Dilraba		dilraba|迪丽热巴|热巴	celebrity	84
肖战	xiao zhan	Xiao Zhan	celebrity	86
Xiao Zhan		xiao zhan|肖战	celebrity	86
王一博	wang yi bo	Wang Yibo	celebrity	86
Wang Yibo		wang yibo|王一博	celebrity	86
易烊千玺	yi yang qian xi	Jackson Yee	celebrity	86
Jackson Yee		jackson yee|易烊千玺|四字弟弟	celebrity	86
鹿晗	lu han	Lu Han	celebrity	82
Lu Han		lu han|鹿晗	celebrity	82
张艺兴	zhang yi xing	Lay Zhang	celebrity	80
Lay Zhang		lay zhang|张艺兴	celebrity	80
邓紫棋	deng zi qi	G.E.M.	celebrity	82
G.E.M.		gem|邓紫棋|邓紫棋	celebrity	82
薛之谦	xue zhi qian	Joker Xue	celebrity	80
Joker Xue		joker xue|薛之谦	celebrity	80

# --- Consumer & luxury brands ---
Nike		nike|耐克	consumer_brand	85
耐克	nai ke	Nike	consumer_brand	85
Adidas		adidas|阿迪达斯	consumer_brand	82
阿迪达斯	a di da si	Adidas	consumer_brand	82
Chanel		chanel|香奈儿	consumer_brand	85
香奈儿	xiang nai er	Chanel	consumer_brand	85
Gucci		gucci|古驰	consumer_brand	84
古驰	gu chi	Gucci	consumer_brand	84
Louis Vuitton		louis vuitton|LV|路易威登	consumer_brand	86
路易威登	lu yi wei deng	Louis Vuitton|LV	consumer_brand	84
LV		louis vuitton|路易威登	consumer_brand	84
Hermès		hermes|爱马仕	consumer_brand	84
爱马仕	ai ma shi	Hermès	consumer_brand	84
Prada		prada|普拉达	consumer_brand	80
Dior		dior|迪奥	consumer_brand	82
迪奥	di ao	Dior	consumer_brand	82
LVMH		lvmh|路威酩轩	consumer_brand	78
Starbucks		starbucks|星巴克	consumer_brand	82
星巴克	xing ba ke	Starbucks	consumer_brand	82
McDonald's		mcdonalds|麦当劳	consumer_brand	82
麦当劳	mai dang lao	McDonald's	consumer_brand	82
Coca-Cola		coca cola|可口可乐	consumer_brand	80
可口可乐	ke kou ke le	Coca-Cola	consumer_brand	80
Disney		disney|迪士尼	consumer_brand	85
迪士尼	di shi ni	Disney	consumer_brand	85
Netflix		netflix|奈飞	consumer_brand	82
奈飞	nai fei	Netflix	consumer_brand	80
Uniqlo		uniqlo|优衣库	consumer_brand	78
优衣库	you yi ku	Uniqlo	consumer_brand	78
Zara		zara	consumer_brand	76
H&M		h and m|HM	consumer_brand	72
Lululemon		lululemon|露露乐蒙	consumer_brand	78
Patagonia		patagonia|巴塔哥尼亚	consumer_brand	72
Rolex		rolex|劳力士	consumer_brand	80
劳力士	lao li shi	Rolex	consumer_brand	80
Tiffany		tiffany|蒂芙尼	consumer_brand	78
蒂芙尼	di fu ni	Tiffany	consumer_brand	78
Supreme		supreme|Supreme潮牌	consumer_brand	76
泡泡玛特	pao pao ma te	Pop Mart	consumer_brand	82
Pop Mart		pop mart|泡泡玛特	consumer_brand	82

# --- China tech & auto (2025–2026 buzz) ---
鸿蒙	hong meng	HarmonyOS|Harmony OS	tech_company	88
HarmonyOS		harmony os|鸿蒙|华为鸿蒙	tech_company	88
鸿蒙智行	hong meng zhi xing	Harmony Intelligent Mobility	tech_company	86
小米汽车	xiao mi qi che	Xiaomi Auto|Xiaomi SU7	tech_company	90
Xiaomi SU7		xiaomi su7|小米SU7|SU7	tech_company	90
SU7		xiaomi su7|小米SU7	tech_company	88
宇树科技	yu shu ke ji	Unitree	tech_company	86
Unitree		unitree|宇树|宇树科技	tech_company	86
游戏科学	you xi ke xue	Game Science	tech_company	86
Game Science		game science|游戏科学|黑神话	tech_company	86
黑神话悟空	hei shen hua wu kong	Black Myth Wukong	tech_term	88
Black Myth Wukong		black myth wukong|黑神话|黑神话悟空	tech_term	88
黑神话	hei shen hua	Black Myth|黑神话悟空	tech_term	86
强脑科技	qiang nao ke ji	BrainCo	tech_company	82
BrainCo		brainco|强脑科技	tech_company	82
群核科技	qun he ke ji	Manycore	tech_company	80
云深处科技	yun shen chu ke ji	DeepRobotics	tech_company	80
DeepRobotics		deep robotics|云深处	tech_company	78
宇树	yu shu	unitree|宇树科技	tech_company	84
胖东来	pang dong lai	Yu Donglai	consumer_brand	82
蜜雪冰城	mi xue bing cheng	Mixue	consumer_brand	80
Mixue		mixue|蜜雪冰城	consumer_brand	80
瑞幸咖啡	rui xing ka fei	Luckin Coffee	consumer_brand	80
Luckin Coffee		luckin coffee|瑞幸	consumer_brand	80

# --- 2025–2026 hot terms (media, social, tech) ---
出圈	chu quan	go viral|break out	tech_term	84
AI疲劳	AI pi lao	AI fatigue	tech_term	82
AI fatigue		AI疲劳	tech_term	80
谷子	gu zi	merch economy|谷子经济	tech_term	80
谷子经济	gu zi jing ji	merch economy|谷子	tech_term	78
银发科技	yin fa ke ji	silver tech|elder tech	tech_term	78
算力普惠	suan li pu hui	compute democratization	tech_term	78
人工智能+	ren gong zhi neng jia	AI plus|AI+	tech_term	84
AI+		AI plus|人工智能+	tech_term	82
智能体产业化	zhi neng ti chan ye hua	agent industrialization	tech_term	80
票根经济	piao gen jing ji	ticket stub economy	tech_term	76
苏超	su chao	Jiangsu Super League	tech_term	72
敬自己一杯	jing zi ji yi bei	cheers to myself	tech_term	72
来财	lai cai	fortune comes	tech_term	72
浪浪山小妖怪	lang lang shan xiao yao guai	Langlangshan monster	tech_term	72
哪吒	na zha	Nezha|哪吒2	tech_term	84
Nezha		nezha|哪吒|哪吒2	tech_term	82
哪吒2	na zha 2	Nezha 2	tech_term	82
如何又能怎	ru he you neng zen	however what can you do	tech_term	70
超级个体	chao ji ge ti	super individual|solopreneur	tech_term	80
一人公司	yi ren gong si	one person company|solopreneur	tech_term	78
养龙虾	yang long xia	OpenClaw|open claw	tech_term	82
龙虾	long xia	OpenClaw|养虾	tech_term	80
千问点奶茶	qian wen dian nai cha	Qwen order milk tea	tech_term	76
脑机接口	nao ji jie kou	brain-computer interface|BCI	tech_term	84
BCI		brain computer interface|脑机接口	tech_term	82
6G		six g|第六代移动通信	tech_term	80
低空飞行	di kong fei xing	low altitude flight	tech_term	76
世界人工智能大会	shi jie ren gong zhi neng da hui	WAIC	tech_term	78
WAIC		wa ic|世界人工智能大会	tech_term	76
DeepSeek时刻	DeepSeek shi ke	DeepSeek moment	tech_term	80
中国创新	zhong guo chuang xin	China innovation	tech_term	78
哪吒闹海	na zha nao hai	Nezha	tech_term	72

# --- Batch 2 expansion (2026-07-06): AI, celebrities, brands, hot terms ---
NanoClaw		nano claw|Nano Claw	ai_brand	86
ZeroClaw		zero claw|Zero Claw	ai_brand	82
Hermes Agent		hermes agent|Hermes	ai_brand	84
Fugu		sakana fugu|Fugu AI	ai_brand	84
Sakana AI		sakana ai|Sakana	ai_brand	82
Agents-A1		agents a1|Agents A1	ai_model	82
NemoClaw		nemo claw|Nemo Claw	ai_brand	80
Moltworker		molt worker|Moltworker	ai_platform	78
Perplexity Computer		perplexity computer|Personal Computer	ai_brand	84
Personal Computer		perplexity personal computer	ai_brand	82
Simular		simular ai|Simular AI	ai_brand	78
Vellum		vellum ai|Vellum AI	ai_platform	78
Cloudflare Agents		cloudflare agents	ai_platform	78
NVIDIA NIM		nvidia nim|NIM inference	ai_platform	82
Fireworks AI		fireworks ai|Fireworks	ai_platform	82
Together AI		together ai|Together	ai_platform	82
Cerebras		cerebras systems|Cerebras Systems	tech_company	82
SambaNova		samba nova|Samba Nova	tech_company	80
Grokipedia		grok ipedia|Grok pedia	ai_brand	76
Grok Imagine		grok imagine	ai_brand	78
Imagen		google imagen|Imagen AI	ai_model	82
Veo		google veo|Veo AI	ai_model	82
Suno		suno ai|Suno AI	ai_brand	84
Udio		udio ai|Udio AI	ai_brand	82
Flux		black forest flux|FLUX	ai_model	84
Black Forest Labs		black forest labs|BFL	ai_brand	82
Ideogram		ideogram ai|Ideogram AI	ai_brand	80
Recraft		recraft ai|Recraft AI	ai_brand	78
Leonardo AI		leonardo ai|Leonardo	ai_brand	80
Krea		krea ai|Krea AI	ai_brand	76
PixVerse		pix verse|Pixverse	ai_brand	80
Vidu		vidu ai|Vidu AI	ai_brand	80
可灵AI	ke ling AI	Kling AI|可灵	ai_brand	84
通义万相	tong yi wan xiang	Wanxiang|万相	ai_brand	84
Wanxiang		通义万相|wan xiang	ai_brand	82
海螺视频	hai luo shi pin	Hailuo Video	ai_brand	80
Skywork		skywork ai|Skywork	ai_brand	78
天工AI	tian gong AI	天工	ai_brand	78
纳米搜索	na mi sou suo	Nami Search	ai_brand	76
Flowith		flowith ai|Flowith AI	ai_platform	76
FlowGPT		flow gpt|Flow GPT	ai_platform	74
Coze		coze ai|扣子	ai_platform	86
扣子	kou zi	Coze|coze	ai_platform	84
Dify		dify ai|Dify AI	ai_platform	84
FastGPT		fast gpt|FastGPT	ai_platform	78
MaxKB		max kb|MaxKB	ai_platform	76
RAGFlow		rag flow|RAGFlow	ai_platform	82
Mem0		mem zero|Mem0 AI	ai_platform	80
Letta		letta ai|Letta AI	ai_platform	78
Zep		zep ai|Zep AI	ai_platform	76
GraphRAG		graph rag|Graph RAG	ai_term	84
LightRAG		light rag|Light RAG	ai_term	82
Devstral		devstral|mistral devstral	ai_model	82
Pixtral		pixtral|mistral pixtral	ai_model	82
Mistral Small		mistral small	ai_model	80
Mistral Codestral		mistral codestral	ai_model	82
Codestral		codestral|mistral codestral	ai_model	84
Command R		command r|cohere command	ai_model	80
Cohere Command		cohere command|Command R	ai_model	78
Phi		phi model|microsoft phi	ai_model	78
Phi模型	phi mo xing	Phi|microsoft phi	ai_model	76
Granite		ibm granite|Granite model	ai_model	80
IBM Granite		granite|IBM Granite	ai_model	78
Amazon Nova		amazon nova|Nova model	ai_model	82
Bedrock		aws bedrock|Amazon Bedrock	ai_platform	82
Gemma开源	gemma kai yuan	Gemma open	ai_model	76
Claude Mythos		claude mythos|Mythos	ai_model	82
Whisper		openai whisper|Whisper ASR	ai_model	82
NotebookLM		notebook lm|Notebook LM	ai_brand	84
Google AI Studio		google ai studio|AI Studio	dev_tool	82
AI Studio		google ai studio	dev_tool	80
Gemini Live		gemini live	ai_brand	80
Gemini Robotics		gemini robotics	ai_brand	78
Apple Intelligence		apple intelligence|苹果智能	ai_brand	86
苹果智能	ping guo zhi neng	Apple Intelligence	ai_brand	84
Siri		apple siri|Siri AI	ai_brand	82
Writing Tools		apple writing tools	ai_term	76
Image Playground		image playground|苹果图像游乐场	ai_term	74
Copilot Studio		copilot studio|Microsoft Copilot Studio	ai_platform	80
Microsoft Agent		microsoft agent	ai_platform	78
Semantic Kernel		semantic kernel|SK	ai_platform	80
AutoGen Studio		autogen studio|AutoGen Studio	ai_platform	78
Windsurf Cascade		windsurf cascade|Cascade	dev_tool	82
Cascade		windsurf cascade	dev_tool	80
Tabnine		tab nine|Tabnine	dev_tool	80
Sourcegraph Cody		sourcegraph cody|Cody	dev_tool	82
Cody		sourcegraph cody	dev_tool	78
GitHub Spark		github spark|Spark	dev_tool	78
GitHub Models		github models	ai_platform	78
Browser Use		browser use|browser-use	ai_term	84
Augment		augment code|Augment Code	dev_tool	80
JetBrains Junie		jetbrains junie|Junie	dev_tool	78
Kilo Code		kilo code|KiloCode	dev_tool	78
Zencoder		zen coder|Zencoder	dev_tool	76
Goose		goose ai|Block Goose	dev_tool	76
Omnigent		omnigent ai|Omnigent	dev_tool	74
俞敏洪	yu min hong	Yu Minhong|新东方俞敏洪	tech_leader	86
Yu Minhong		yu minhong|俞敏洪	tech_leader	84
New Oriental		new oriental|新东方	tech_company	80
新东方	xin dong fang	New Oriental	tech_company	80
卢伟冰	lu wei bing	Lu Weibing	tech_leader	84
Lu Weibing		lu weibing|卢伟冰	tech_leader	84
影视飓风	ying shi ju feng	影视飓风Tim	tech_leader	82
影视飓风Tim		ying shi ju feng tim|影视飓风	tech_leader	82
曹德旺	cao de wang	Cao Dewang	tech_leader	80
Cao Dewang		cao dewang|曹德旺	tech_leader	80
福耀玻璃	fu yao bo li	Fuyao Glass	tech_company	76
宗庆后	zong qing hou	Zong Qinghou	tech_leader	78
钟睒睒	zhong shan shan	Zhong Shanshan	tech_leader	80
Nongfu Spring		nongfu spring|农夫山泉	consumer_brand	82
农夫山泉	nong fu shan quan	Nongfu Spring	consumer_brand	82
王健林	wang jian lin	Wang Jianlin	tech_leader	78
Wang Jianlin		wang jianlin|王健林	tech_leader	78
许家印	xu jia yin	Xu Jiayin	tech_leader	74
Xu Jiayin		xu jiayin|许家印	tech_leader	74
孙正义	sun zheng yi	Masayoshi Son	tech_leader	82
Masayoshi Son		masayoshi son|孙正义	tech_leader	82
张朝阳	zhang chao yang	Charles Zhang	tech_leader	80
Charles Zhang		charles zhang|张朝阳	tech_leader	80
搜狐	sou hu	Sohu	tech_company	78
Sohu		sohu|搜狐	tech_company	78
丁磊	ding lei	William Ding	tech_leader	84
William Ding		william ding|丁磊	tech_leader	84
陈天桥	chen tian qiao	Chen Tianqiao	tech_leader	76
沈南鹏	shen nan peng	Neil Shen	tech_leader	82
Neil Shen		neil shen|沈南鹏	tech_leader	82
红杉中国	hong shan zhong guo	Sequoia China	fintech	80
Sequoia China		sequoia china|红杉中国	fintech	80
徐新	xu xin	Xu Xin	tech_leader	76
今日资本	jin ri zi ben	Capital Today	fintech	74
朱啸虎	zhu xiao hu	Zhu Xiaohu	tech_leader	78
李开复	li kai fu	Kai-Fu Lee	tech_leader	86
Kai-Fu Lee		kai fu lee|李开复	tech_leader	86
创新工场	chuang xin gong chang	Innovation Works	tech_company	78
Innovation Works		innovation works|创新工场	tech_company	78
傅盛	fu sheng	Fu Sheng	tech_leader	78
Fu Sheng		fu sheng|傅盛	tech_leader	78
猎豹移动	lie bao yi dong	Cheetah Mobile	tech_company	76
王小川	wang xiao chuan	Wang Xiaochuan	tech_leader	82
Wang Xiaochuan		wang xiaochuan|王小川	tech_leader	82
周航	zhou hang	Zhou Hang	tech_leader	72
陈睿	chen rui	Chen Rui|B站陈睿	tech_leader	80
Chen Rui		chen rui|陈睿	tech_leader	80
宿华	su hua	Su Hua	tech_leader	78
Su Hua		su hua|宿华	tech_leader	78
程一笑	cheng yi xiao	Cheng Yixiao	tech_leader	76
Cheng Yixiao		cheng yixiao|程一笑	tech_leader	76
陈欧	chen ou	Chen Ou	tech_leader	72
聚美优品	ju mei you pin	Jumei	tech_company	70
江南春	jiang nan chun	Jiang Nanchun	tech_leader	76
分众传媒	fen zhong chuan mei	Focus Media	tech_company	76
沈晖	shen hui	William Feng	tech_leader	74
李想	li xiang	Li Xiang|理想李想	tech_leader	86
Li Xiang		li xiang|李想	tech_leader	86
王传福	wang chuan fu	Wang Chuanfu	tech_leader	86
Wang Chuanfu		wang chuanfu|王传福	tech_leader	86
曾毓群	zeng yu qun	Robin Zeng	tech_leader	84
Robin Zeng		robin zeng|曾毓群	tech_leader	84
郭台铭	guo tai ming	Terry Gou	tech_leader	80
Terry Gou		terry gou|郭台铭	tech_leader	80
富士康	fu shi kang	Foxconn	tech_company	82
Foxconn		foxconn|富士康	tech_company	82
刘慈欣	liu ci xin	Liu Cixin	celebrity	82
Liu Cixin		liu cixin|刘慈欣	celebrity	82
三体	san ti	Three Body Problem|Three-Body	tech_term	80
刘宇宁	liu yu ning	Liu Yuning	celebrity	86
Liu Yuning		liu yuning|刘宇宁	celebrity	86
梓渝	zi yu	Ziyu	celebrity	82
Ziyu		zi yu|梓渝	celebrity	82
周深	zhou shen	Zhou Shen	celebrity	86
Zhou Shen		zhou shen|周深	celebrity	86
白鹿	bai lu	Bai Lu	celebrity	84
Bai Lu		bai lu|白鹿	celebrity	84
孟子义	meng zi yi	Meng Ziyi	celebrity	82
Meng Ziyi		meng ziyi|孟子义	celebrity	82
虞书欣	yu shu xin	Esther Yu	celebrity	84
Esther Yu		esther yu|虞书欣	celebrity	84
赵丽颖	zhao li ying	Zhao Liying	celebrity	86
Zhao Liying		zhao liying|赵丽颖	celebrity	86
杨紫	yang zi	Yang Zi	celebrity	86
成毅	cheng yi	Cheng Yi	celebrity	84
任嘉伦	ren jia lun	Ren Jialun	celebrity	82
Ren Jialun		ren jialun|任嘉伦	celebrity	82
李现	li xian	Li Xian	celebrity	84
Li Xian		li xian|李现	celebrity	84
杨洋	yang yang	Yang Yang	celebrity	84
吴磊	wu lei	Wu Lei	celebrity	82
Wu Lei		wu lei|吴磊	celebrity	82
胡歌	hu ge	Hu Ge	celebrity	86
Hu Ge		hu ge|胡歌	celebrity	86
黄晓明	huang xiao ming	Huang Xiaoming	celebrity	82
Huang Xiaoming		huang xiaoming|黄晓明	celebrity	82
陈坤	chen kun	Chen Kun	celebrity	80
章子怡	zhang zi yi	Zhang Ziyi	celebrity	82
Zhang Ziyi		zhang ziyi|章子怡	celebrity	82
巩俐	gong li	Gong Li	celebrity	82
周迅	zhou xun	Zhou Xun	celebrity	82
汤唯	tang wei	Tang Wei	celebrity	80
舒淇	shu qi	Shu Qi	celebrity	80
黄渤	huang bo	Huang Bo	celebrity	86
Huang Bo		huang bo|黄渤	celebrity	86
沈腾	shen teng	Shen Teng	celebrity	86
Shen Teng		shen teng|沈腾	celebrity	86
贾玲	jia ling	Jia Ling	celebrity	84
Jia Ling		jia ling|贾玲	celebrity	84
马丽	ma li	Ma Li	celebrity	80
张小斐	zhang xiao fei	Zhang Xiaofei	celebrity	80
吴京	wu jing	Wu Jing	celebrity	84
Wu Jing		wu jing|吴京	celebrity	84
张译	zhang yi yan	Zhang Yi actor	celebrity	82
雷佳音	lei jia yin	Lei Jiayin	celebrity	80
孙俪	sun li	Sun Li	celebrity	82
靳东	jin dong	Jin Dong	celebrity	78
那英	na ying	Na Ying	celebrity	82
汪峰	wang feng	Wang Feng	celebrity	80
王菲	wang fei	Faye Wong	celebrity	84
张学友	zhang xue you	Jacky Cheung	celebrity	82
Jacky Cheung		jacky cheung|张学友	celebrity	82
林俊杰	lin jun jie	JJ Lin	celebrity	84
JJ Lin		jj lin|林俊杰	celebrity	84
蔡依林	cai yi lin	Jolin Tsai	celebrity	82
Jolin Tsai		jolin tsai|蔡依林	celebrity	82
王力宏	wang li hong	Wang Leehom	celebrity	82
陈奕迅	chen yi xun	Eason Chan	celebrity	84
Eason Chan		eason chan|陈奕迅	celebrity	84
毛不易	mao bu yi	Mao Buyi	celebrity	82
华晨宇	hua chen yu	Hua Chenyu	celebrity	80
时代少年团	shi dai shao nian tuan	TNT|Teens in Times	celebrity	80
TFBOYS		tf boys|TF Boys	celebrity	82
蔡徐坤	cai xu kun	Cai Xukun	celebrity	82
Cai Xukun		cai xukun|蔡徐坤	celebrity	82
黄子韬	huang zi tao	Huang Zitao	celebrity	80
Huang Zitao		huang zitao|黄子韬	celebrity	80
BLACKPINK		black pink|Black Pink	celebrity	84
Jennie		blackpink jennie	celebrity	80
Jisoo		blackpink jisoo	celebrity	78
Rosé		blackpink rose|Rose	celebrity	78
BTS		bts|防弹少年团	celebrity	84
防弹少年团	fang dan shao nian tuan	BTS	celebrity	84
NewJeans		new jeans|New Jeans	celebrity	82
aespa		aespa组合	celebrity	80
IVE		ive组合	celebrity	78
Rihanna		rihanna|蕾哈娜	celebrity	82
蕾哈娜	lei ha na	Rihanna	celebrity	80
Drake		drake rapper	celebrity	82
Kanye West		kanye west|Ye	celebrity	80
Kendrick Lamar		kendrick lamar	celebrity	80
Billie Eilish		billie eilish	celebrity	82
Ariana Grande		ariana grande	celebrity	82
Lady Gaga		lady gaga	celebrity	82
Tom Hanks		tom hanks	celebrity	80
Leonardo DiCaprio		leonardo dicaprio|小李子	celebrity	82
小李子	xiao li zi	Leonardo DiCaprio	celebrity	80
Brad Pitt		brad pitt	celebrity	80
Angelina Jolie		angelina jolie	celebrity	78
Jennifer Lawrence		jennifer lawrence	celebrity	78
Scarlett Johansson		scarlett johansson	celebrity	78
Robert Downey Jr		robert downey jr|钢铁侠	celebrity	80
钢铁侠	gang tie xia	Iron Man|Robert Downey Jr	celebrity	78
漫威	man wei	Marvel	tech_term	80
Marvel		marvel|漫威	tech_term	80
蝙蝠侠	bian fu xia	Batman	celebrity	76
Batman		batman|蝙蝠侠	celebrity	76
王楚钦	wang chu qin	Wang Chuqin	athlete	88
Wang Chuqin		wang chuqin|王楚钦	athlete	88
孙颖莎	sun ying sha	Sun Yingsha	athlete	88
Sun Yingsha		sun yingsha|孙颖莎	athlete	88
樊振东	fan zhen dong	Fan Zhendong	athlete	86
Fan Zhendong		fan zhendong|樊振东	athlete	86
王曼昱	wang man yu	Wang Manyu	athlete	84
Wang Manyu		wang manyu|王曼昱	athlete	84
郑钦文	zheng qin wen	Zheng Qinwen	athlete	86
Zheng Qinwen		zheng qinwen|郑钦文	athlete	86
林诗栋	lin shi dong	Lin Shidong	athlete	80
马龙	ma long	Ma Long	athlete	86
Ma Long		ma long|马龙	athlete	86
全红婵	quan hong chan	Quan Hongchan	athlete	86
Quan Hongchan		quan hongchan|全红婵	athlete	86
蒯曼	kuai man	Kuai Man	athlete	76
林高远	lin gao yuan	Lin Gaoyuan	athlete	76
苏炳添	su bing tian	Su Bingtian	athlete	80
谷爱凌	gu ai ling	Eileen Gu	athlete	86
Eileen Gu		eileen gu|谷爱凌	athlete	86
姚明	yao ming	Yao Ming	athlete	86
Yao Ming		yao ming|姚明	athlete	86
李娜	li na	Li Na tennis	athlete	80
刘翔	liu xiang	Liu Xiang	athlete	80
易建联	yi jian lian	Yi Jianlian	athlete	78
C罗	C luo	Cristiano Ronaldo	athlete	86
Cristiano Ronaldo		cristiano ronaldo|C罗	athlete	86
梅西	mei xi	Lionel Messi	athlete	88
Lionel Messi		lionel messi|梅西	athlete	88
姆巴佩	mu ba pei	Kylian Mbappé	athlete	84
Kylian Mbappé		kylian mbappe|姆巴佩	athlete	84
哈兰德	ha lan de	Erling Haaland	athlete	82
Erling Haaland		erling haaland|哈兰德	athlete	82
詹姆斯	zhan mu si	LeBron James	athlete	86
LeBron James		lebron james|詹姆斯	athlete	86
库里	ku li	Stephen Curry	athlete	84
Stephen Curry		stephen curry|库里	athlete	84
科比	ke bi	Kobe Bryant	athlete	82
Kobe Bryant		kobe bryant|科比	athlete	82
乔丹	qiao dan	Michael Jordan	athlete	84
Michael Jordan		michael jordan|乔丹	athlete	84
费德勒	fei de le	Roger Federer	athlete	80
纳达尔	na da er	Rafael Nadal	athlete	80
德约科维奇	de yue ke wei qi	Novak Djokovic	athlete	82
Novak Djokovic		novak djokovic|德约	athlete	82
Burberry		burberry|博柏利	consumer_brand	80
博柏利	bo bai li	Burberry	consumer_brand	80
Balenciaga		balenciaga|巴黎世家	consumer_brand	82
巴黎世家	ba li shi jia	Balenciaga	consumer_brand	82
Versace		versace|范思哲	consumer_brand	78
范思哲	fan si zhe	Versace	consumer_brand	78
Armani		armani|阿玛尼	consumer_brand	80
阿玛尼	a ma ni	Armani	consumer_brand	80
Cartier		cartier|卡地亚	consumer_brand	82
卡地亚	ka di ya	Cartier	consumer_brand	82
Bulgari		bulgari|宝格丽	consumer_brand	78
宝格丽	bao ge li	Bulgari	consumer_brand	78
Van Cleef		van cleef|梵克雅宝	consumer_brand	76
梵克雅宝	fan ke ya bao	Van Cleef	consumer_brand	76
Moncler		moncler|盟可睐	consumer_brand	78
盟可睐	meng ke lai	Moncler	consumer_brand	78
Canada Goose		canada goose|加拿大鹅	consumer_brand	78
加拿大鹅	jia na da e	Canada Goose	consumer_brand	78
New Balance		new balance|新百伦	consumer_brand	80
新百伦	xin bai lun	New Balance	consumer_brand	80
Puma		puma|彪马	consumer_brand	78
彪马	biao ma	Puma	consumer_brand	78
Converse		converse|匡威	consumer_brand	76
匡威	kuang wei	Converse	consumer_brand	76
Vans		vans	consumer_brand	76
Skechers		skechers|斯凯奇	consumer_brand	76
斯凯奇	si kai qi	Skechers	consumer_brand	76
Levi's		levis|李维斯	consumer_brand	76
李维斯	li wei si	Levi's	consumer_brand	76
Coach		coach|蔻驰	consumer_brand	78
蔻驰	kou chi	Coach	consumer_brand	78
Michael Kors		michael kors|MK	consumer_brand	76
Estée Lauder		estee lauder|雅诗兰黛	consumer_brand	78
雅诗兰黛	ya shi lan dai	Estée Lauder	consumer_brand	78
L'Oréal		loreal|欧莱雅	consumer_brand	78
欧莱雅	ou lai ya	L'Oréal	consumer_brand	78
Shiseido		shiseido|资生堂	consumer_brand	76
资生堂	zi sheng tang	Shiseido	consumer_brand	76
SK-II		sk two|SK2	consumer_brand	78
兰蔻	lan ke	Lancôme	consumer_brand	78
Lancôme		lancome|兰蔻	consumer_brand	78
YSL		ysl|圣罗兰	consumer_brand	78
圣罗兰	sheng luo lan	YSL	consumer_brand	78
MAC		mac cosmetics	consumer_brand	76
完美日记	wan mei ri ji	Perfect Diary	consumer_brand	80
Perfect Diary		perfect diary|完美日记	consumer_brand	80
花西子	hua xi zi	Florasis	consumer_brand	78
Florasis		florasis|花西子	consumer_brand	78
名创优品	ming chuang you pin	Miniso	consumer_brand	78
Miniso		miniso|名创优品	consumer_brand	78
海底捞	hai di lao	Haidilao	consumer_brand	82
Haidilao		haidilao|海底捞	consumer_brand	82
西贝	xi bei	Xibei	consumer_brand	76
老乡鸡	lao xiang ji	Laoxiangji	consumer_brand	76
盒马	he ma	Hema|盒马鲜生	consumer_brand	80
Hema		hema|盒马	consumer_brand	80
山姆会员店	shan mu hui yuan dian	Sam's Club	consumer_brand	80
Sam's Club		sams club|山姆	consumer_brand	80
Costco		costco|开市客	consumer_brand	80
开市客	kai shi ke	Costco	consumer_brand	80
沃尔玛	wo er ma	Walmart	consumer_brand	78
Walmart		walmart|沃尔玛	consumer_brand	78
家乐福	jia le fu	Carrefour	consumer_brand	72
宜家	yi jia	IKEA	consumer_brand	80
IKEA		ikea|宜家	consumer_brand	80
MUJI		muji|无印良品	consumer_brand	78
无印良品	wu yin liang pin	MUJI	consumer_brand	78
始祖鸟	shi zu niao	Arc'teryx	consumer_brand	82
Arc'teryx		arcteryx|始祖鸟	consumer_brand	82
北面	bei mian	The North Face	consumer_brand	78
The North Face		north face|北面	consumer_brand	78
Columbia		columbia sportswear	consumer_brand	72
李宁	li ning	Li-Ning	consumer_brand	82
Li-Ning		li ning|李宁	consumer_brand	82
安踏	an ta	Anta	consumer_brand	82
Anta		anta|安踏	consumer_brand	82
特步	te bu	Xtep	consumer_brand	76
Xtep		xtep|特步	consumer_brand	76
鸿星尔克	hong xing er ke	Erke	consumer_brand	76
Erke		erke|鸿星尔克	consumer_brand	76
波司登	bo si deng	Bosideng	consumer_brand	78
Bosideng		bosideng|波司登	consumer_brand	78
周大福	zhou da fu	Chow Tai Fook	consumer_brand	76
Chow Tai Fook		chow tai fook|周大福	consumer_brand	76
老凤祥	lao feng xiang	Lao Feng Xiang	consumer_brand	74
中国黄金	zhong guo huang jin	China Gold	consumer_brand	74
领克	ling ke	Lynk & Co|Lynk	tech_company	84
Lynk & Co		lynk co|领克	tech_company	84
问界	wen jie	AITO|AITO问界	tech_company	86
AITO		aito|问界	tech_company	86
智界	zhi jie	Luxeed	tech_company	84
Luxeed		luxeed|智界	tech_company	84
享界	xiang jie	Stelato	tech_company	82
Stelato		stelato|享界	tech_company	82
尊界	zun jie	MAEXTRO	tech_company	82
MAEXTRO		maextro|尊界	tech_company	82
小米YU7	xiao mi YU7	Xiaomi YU7|YU7	tech_company	88
YU7		xiaomi yu7|小米YU7	tech_company	86
理想L9	li xiang L9	Li L9	tech_company	82
Li L9		li l9|理想L9	tech_company	82
理想MEGA	li xiang MEGA	Li MEGA|MEGA	tech_company	82
小鹏MONA	xiao peng MONA	MONA	tech_company	80
极狐	ji hu	ARCFOX	tech_company	80
ARCFOX		arcfox|极狐	tech_company	80
阿维塔	a wei ta	Avatr	tech_company	82
Avatr		avatr|阿维塔	tech_company	82
深蓝	shen lan	Deepal	tech_company	80
Deepal		deepal|深蓝	tech_company	80
岚图	lan tu	Voyah	tech_company	82
Voyah		voyah|岚图	tech_company	82
腾势	teng shi	Denza	tech_company	82
Denza		denza|腾势	tech_company	82
方程豹	fang cheng bao	Fangchengbao	tech_company	82
Fangchengbao		fangchengbao|方程豹	tech_company	82
仰望	yang wang	Yangwang	tech_company	84
Yangwang		yangwang|仰望	tech_company	84
智己	zhi ji	IM Motors	tech_company	82
IM Motors		im motors|智己	tech_company	82
飞凡	fei fan	Rising Auto	tech_company	76
昊铂	hao bo	Hyper	tech_company	78
Hyper		hyper|昊铂	tech_company	78
广汽埃安	guang qi ai an	Aion	tech_company	82
Aion		aion|埃安	tech_company	82
哪吒汽车	na zha qi che	Neta Auto	tech_company	80
Neta Auto		neta auto|哪吒汽车	tech_company	80
零跑	ling pao	Leapmotor	tech_company	84
Leapmotor		leapmotor|零跑	tech_company	84
赛力斯	sai li si	Seres	tech_company	84
Seres		seres|赛力斯	tech_company	84
长安	chang an	Changan	tech_company	78
Changan		changan|长安	tech_company	78
上汽	shang qi	SAIC	tech_company	78
SAIC		saic|上汽	tech_company	78
一汽	yi qi	FAW	tech_company	76
FAW		faw|一汽	tech_company	76
东风	dong feng	Dongfeng	tech_company	76
Dongfeng		dongfeng|东风	tech_company	76
奇瑞	qi rui	Chery	tech_company	78
Chery		chery|奇瑞	tech_company	78
吉利银河	ji li yin he	Galaxy Geely	tech_company	78
路特斯	lu te si	Lotus	tech_company	80
Lotus		lotus|路特斯	tech_company	80
保时捷	bao shi jie	Porsche	tech_company	84
Porsche		porsche|保时捷	tech_company	84
法拉利	fa la li	Ferrari	tech_company	82
Ferrari		ferrari|法拉利	tech_company	82
兰博基尼	lan bo ji ni	Lamborghini	tech_company	82
Lamborghini		lamborghini|兰博基尼	tech_company	82
奔驰	ben chi	Mercedes-Benz	tech_company	84
Mercedes-Benz		mercedes benz|奔驰	tech_company	84
宝马	bao ma	BMW	tech_company	84
BMW		bmw|宝马	tech_company	84
大众	da zhong	Volkswagen	tech_company	80
Volkswagen		volkswagen|大众	tech_company	80
丰田	feng tian	Toyota	tech_company	80
Toyota		toyota|丰田	tech_company	80
本田	ben tian	Honda	tech_company	78
Honda		honda|本田	tech_company	78
Anduril		anduril industries	tech_company	80
Scale AI		scale ai|Scale	tech_company	84
Labelbox		labelbox	tech_company	74
Weights & Biases		weights and biases|W&B	dev_tool	80
W&B		weights and biases	dev_tool	78
Langfuse		langfuse	dev_tool	78
Helicone		helicone	dev_tool	74
Braintrust		braintrust ai	dev_tool	76
Arize		arize ai|Arize AI	dev_tool	74
CoreWeave		coreweave	tech_company	82
Lambda Labs		lambda labs|Lambda	tech_company	78
Crusoe		crusoe energy	tech_company	74
RunPod		run pod|RunPod	tech_company	78
Groq Cloud		groq cloud	ai_platform	78
Baseten		baseten	ai_platform	76
Anyscale		anyscale|Ray	tech_company	78
Ray Serve		ray serve	dev_tool	76
Micron		micron|美光	tech_company	82
美光	mei guang	Micron	tech_company	82
SK Hynix		sk hynix|海力士	tech_company	82
海力士	hai li shi	SK Hynix	tech_company	82
Kioxia		kioxia|铠侠	tech_company	76
铠侠	kai xia	Kioxia	tech_company	76
Western Digital		western digital|西部数据	tech_company	78
西部数据	xi bu shu ju	Western Digital	tech_company	78
MediaTek		mediatek|联发科	tech_company	82
联发科	lian fa ke	MediaTek	tech_company	82
Rockchip		rockchip|瑞芯微	tech_company	78
瑞芯微	rui xin wei	Rockchip	tech_company	78
Allwinner		allwinner|全志	tech_company	74
全志	quan zhi	Allwinner	tech_company	74
寒武纪	han wu ji	Cambricon	tech_company	80
Cambricon		cambricon|寒武纪	tech_company	80
壁仞	bi ren	Biren	tech_company	78
Biren		biren|壁仞	tech_company	78
摩尔线程	mo er xian cheng	Moore Threads	tech_company	80
Moore Threads		moore threads|摩尔线程	tech_company	80
燧原	sui yuan	Enflame	tech_company	76
Enflame		enflame|燧原	tech_company	76
平头哥	ping tou ge	T-Head	tech_company	78
T-Head		t head|平头哥	tech_company	78
紫光	zi guang	Unigroup	tech_company	76
Unigroup		unigroup|紫光	tech_company	76
长鑫	chang xin	CXMT	tech_company	78
CXMT		cxmt|长鑫存储	tech_company	78
长江存储	chang jiang cun chu	YMTC	tech_company	80
YMTC		ymtc|长江存储	tech_company	80
商汤绝影	shang tang jue ying	SenseAuto	tech_company	78
绝影	jue ying	SenseAuto	tech_company	76
Momenta		momenta|魔门塔	tech_company	82
魔门塔	mo men ta	Momenta	tech_company	80
文远知行	wen yuan zhi xing	WeRide	tech_company	82
WeRide		weride|文远知行	tech_company	82
小马智行	xiao ma zhi xing	Pony.ai	tech_company	82
Pony.ai		pony ai|小马智行	tech_company	82
元戎启行	yuan rong qi xing	DeepRoute	tech_company	78
DeepRoute		deeproute|元戎启行	tech_company	78
禾赛	he sai	Hesai	tech_company	80
Hesai		hesai|禾赛	tech_company	80
速腾聚创	su teng ju chuang	RoboSense	tech_company	80
RoboSense		robosense|速腾聚创	tech_company	80
图达通	tu da tong	Innovusion	tech_company	76
Innovusion		innovusion|图达通	tech_company	76
OpenHarmony		open harmony|开源鸿蒙	tech_company	82
开源鸿蒙	kai yuan hong meng	OpenHarmony	tech_company	82
openEuler		open euler|欧拉	tech_company	76
欧拉	ou la	openEuler	tech_company	76
龙芯	long xin	Loongson	tech_company	78
Loongson		loongson|龙芯	tech_company	78
飞腾	fei teng	Phytium	tech_company	76
Phytium		phytium|飞腾	tech_company	76
鲲鹏	kun peng	Kunpeng	tech_company	80
Kunpeng		kunpeng|鲲鹏	tech_company	80
飞书	fei shu	Lark	tech_company	86
Lark		lark|飞书	tech_company	86
钉钉	ding ding	DingTalk	tech_company	84
DingTalk		dingtalk|钉钉	tech_company	84
企业微信	qi ye wei xin	WeCom	tech_company	84
WeCom		wecom|企业微信	tech_company	84
skill		skills|Agent Skills	ai_term	78
skills		agent skills|Claude Skills	ai_term	76
Agent Skills		agent skills|Claude Skills	ai_term	82
Claude Skills		claude skills	ai_term	80
MCP协议	MCP xie yi	MCP protocol	ai_term	84
A2A		agent to agent|Agent2Agent	ai_term	82
Agent2Agent		a2a|agent to agent	ai_term	80
A2A协议	A2A xie yi	Agent2Agent	ai_term	78
deep agent		deep agents	ai_term	82
deep agents		deep agent	ai_term	80
agentic workflow		agentic workflows	ai_term	84
agentic coding		agentic code	ai_term	82
spec driven		spec-driven|规格驱动	ai_term	80
spec-driven		spec driven	ai_term	80
规格驱动	gui ge qu dong	spec-driven	ai_term	78
vibe marketing		氛围营销	ai_term	76
氛围营销	fen wei ying xiao	vibe marketing	ai_term	74
AI原生应用	AI yuan sheng ying yong	AI native app	ai_term	80
AI应用	AI ying yong	AI app	ai_term	78
模型蒸馏	mo xing zheng liu	model distillation	ai_term	80
model distillation		模型蒸馏	ai_term	78
合成数据	he cheng shu ju	synthetic data	ai_term	80
synthetic data		合成数据	ai_term	78
数据飞轮	shu ju fei lun	data flywheel	ai_term	78
data flywheel		数据飞轮	ai_term	76
长上下文	chang shang xia wen	long context	ai_term	82
long context		长上下文	ai_term	80
百万上下文	bai wan shang xia wen	million context	ai_term	80
million context		百万上下文	ai_term	78
KV cache		kv cache|KV缓存	ai_term	80
KV缓存	KV huan cun	KV cache	ai_term	78
投机解码	tou ji jie ma	speculative decoding	ai_term	76
speculative decoding		投机解码	ai_term	74
MoE路由	MoE lu you	expert routing	ai_term	76
expert routing		MoE路由	ai_term	74
稀疏注意力	xi shu zhu yi li	sparse attention	ai_term	74
sparse attention		稀疏注意力	ai_term	72
视频大模型	shi pin da mo xing	video foundation model	ai_term	82
video foundation model		视频大模型	ai_term	80
多智能体协作	duo zhi neng ti xie zuo	multi-agent collaboration	ai_term	80
AI陪伴	AI pei ban	AI companion	ai_term	78
AI companion		AI陪伴	ai_term	76
数字人	shu zi ren	digital human	ai_term	82
digital human		数字人	ai_term	80
虚拟偶像	xu ni ou xiang	virtual idol	ai_term	76
virtual idol		虚拟偶像	ai_term	74
赛博永生	sai bo yong sheng	cyber immortality	tech_term	72
赛博菩萨	sai bo pu sa	cyber bodhisattva	tech_term	70
赛博佛祖	sai bo fo zu	cyber buddha	tech_term	70
抽象	chou xiang	abstract meme	tech_term	72
钝感力	dun gan li	emotional bluntness	tech_term	74
松弛感	song chi gan	relaxed vibe	tech_term	76
情绪稳定	qing xu wen ding	emotionally stable	tech_term	74
搭子	da zi	buddy partner	tech_term	76
citywalk		city walk|City Walk	tech_term	76
City Walk		citywalk	tech_term	74
特种兵旅游	te zhong bing lv you	special forces travel	tech_term	72
显眼包	xian yan bao	attention seeker	tech_term	72
i人	i ren	introvert	tech_term	74
e人	e ren	extrovert	tech_term	74
MBTI		mbti人格	tech_term	76
脆皮大学生	cui pi da xue sheng	fragile college student	tech_term	70
班味	ban wei	office vibe	tech_term	74
班味很重	ban wei hen zhong	heavy office vibe	tech_term	72
偷感	tou gan	stealth vibe	tech_term	72
偷感很重	tou gan hen zhong	heavy stealth vibe	tech_term	70
水灵灵	shui ling ling	fresh and lively	tech_term	70
硬控	ying kong	hard control meme	tech_term	72
绝绝子	jue jue zi	absolutely amazing	tech_term	72
尊嘟假嘟	zun du jia du	really or not	tech_term	70
芭比Q了	ba bi Q le	barbecue done|finished	tech_term	68
栓Q	shuan Q	thank you meme	tech_term	68
YYDS		yyds|永远的神	tech_term	74
永远的神	yong yuan de shen	YYDS	tech_term	72
破防	po fang	emotionally broken	tech_term	74
上头	shang tou	addictive hype	tech_term	70
下头	xia tou	turn off vibe	tech_term	70
拿捏	na nie	nailed it	tech_term	70
种草	zhong cao	plant grass recommend	tech_term	78
拔草	ba cao	unrecommend	tech_term	74
安利	an li	recommend	tech_term	74
避雷	bi lei	avoid pitfall	tech_term	74
测评	ce ping	product review	tech_term	76
开箱	kai xiang	unboxing	tech_term	76
沉浸式	chen jin shi	immersive	tech_term	74
氛围感	fen wei gan	atmospheric vibe	tech_term	76
高级感	gao ji gan	premium feel	tech_term	74
质感	zhi gan	texture quality	tech_term	72
带货	dai huo	live commerce sales	tech_term	78
直播带货	zhi bo dai huo	livestream commerce	tech_term	80
短视频	duan shi pin	short video	tech_term	78
中视频	zhong shi pin	mid-length video	tech_term	72
知识付费	zhi shi fu fei	paid knowledge	tech_term	74
私域	si yu	private domain traffic	tech_term	78
公域	gong yu	public domain traffic	tech_term	74
全域经营	quan yu jing ying	omnichannel operation	tech_term	74
本地化	ben di hua	localization	tech_term	72
GTM		go to market	tech_term	74
PLG		product led growth	tech_term	72
SLG		sales led growth	tech_term	70
ARR		annual recurring revenue	tech_term	72
MRR		monthly recurring revenue	tech_term	70
NDR		net dollar retention	tech_term	68
CAC		customer acquisition cost	tech_term	70
LTV		lifetime value	tech_term	70
融资	rong zi	fundraising	tech_term	74
估值	gu zhi	valuation	tech_term	74
IPO		initial public offering|上市	tech_term	76
上市	shang shi	IPO listing	tech_term	74
独角兽	du jiao shou	unicorn startup	tech_term	76
decacorn		decacorn startup	tech_term	68
A轮	A lun	Series A	tech_term	72
B轮	B lun	Series B	tech_term	70
C轮	C lun	Series C	tech_term	68
Pre-A		pre a round	tech_term	68
降本增效	jiang ben zeng xiao	cost cut efficiency	tech_term	78
裁员	cai yuan	layoffs	tech_term	74
优化	you hua	layoff euphemism	tech_term	70
毕业	bi ye	layoff euphemism	tech_term	68
35岁危机	35 sui wei ji	age 35 crisis	tech_term	72
考公	kao gong	civil service exam	tech_term	74
考编	kao bian	public institution exam	tech_term	72
灵活就业	ling huo jiu ye	flexible employment	tech_term	70
银发经济	yin fa jing ji	silver economy	tech_term	78
宠物经济	chong wu jing ji	pet economy	tech_term	74
悦己消费	yue ji xiao fei	self-reward spending	tech_term	74
情绪消费	qing xu xiao fei	emotional spending	tech_term	74
体验经济	ti yan jing ji	experience economy	tech_term	72
首发经济	shou fa jing ji	launch economy	tech_term	74
冰雪经济	bing xue jing ji	ice snow economy	tech_term	72
以旧换新	yi jiu huan xin	trade-in program	tech_term	78
国补	guo bu	national subsidy	tech_term	80
消费券	xiao fei quan	consumption voucher	tech_term	72
数据要素	shu ju yao su	data as factor	tech_term	78
数据资产	shu ju zi chan	data assets	tech_term	76
数据确权	shu ju que quan	data rights confirmation	tech_term	74
耐心资本	nai xin zi ben	patient capital	tech_term	76
长期主义	chang qi zhu yi	long-termism	tech_term	76
价值投资者	jia zhi tou zi zhe	value investor	tech_term	72
价值投资	jia zhi tou zi	value investing	tech_term	72
米哈游	mi ha you	miHoYo	game_ip	86
miHoYo		mihoyo|米哈游	game_ip	86
原神	yuan shen	Genshin Impact	game_ip	88
Genshin Impact		genshin impact|原神	game_ip	88
崩坏星穹铁道	beng huai xing qiong tie dao	Honkai Star Rail	game_ip	86
Honkai Star Rail		honkai star rail|星穹铁道	game_ip	86
星穹铁道	xing qiong tie dao	Honkai Star Rail	game_ip	84
崩坏	beng huai	Honkai	game_ip	80
Honkai		honkai|崩坏	game_ip	80
绝区零	jue qu ling	Zenless Zone Zero	game_ip	84
Zenless Zone Zero		zenless zone zero|ZZZ	game_ip	84
鸣潮	ming chao	Wuthering Waves	game_ip	82
Wuthering Waves		wuthering waves|鸣潮	game_ip	82
腾讯游戏	teng xun you xi	Tencent Games	game_ip	84
王者荣耀	wang zhe rong yao	Honor of Kings	game_ip	88
Honor of Kings		honor of kings|王者	game_ip	88
和平精英	he ping jing ying	PUBG Mobile China	game_ip	86
PUBG Mobile		pubg mobile|和平精英	game_ip	84
英雄联盟	ying xiong lian meng	League of Legends	game_ip	86
League of Legends		league of legends|LOL	game_ip	86
无畏契约	wu wei qi yue	Valorant	game_ip	84
Valorant		valorant|无畏契约	game_ip	84
DOTA2		dota 2|Dota 2	game_ip	82
Dota 2		dota2|DOTA2	game_ip	82
CS2		counter strike 2|CSGO	game_ip	82
Counter-Strike		counter strike|CS2	game_ip	80
Steam		steam平台	game_ip	86
Epic Games		epic games|Epic	game_ip	80
育碧	yu bi	Ubisoft	game_ip	78
Ubisoft		ubisoft|育碧	game_ip	78
暴雪	bao xue	Blizzard	game_ip	82
Blizzard		blizzard|暴雪	game_ip	82
动视	dong shi	Activision	game_ip	80
Activision		activision|动视	game_ip	80
PlayStation		playstation|PS5	game_ip	82
PS5		playstation 5	game_ip	80
Xbox		xbox series	game_ip	80
艾尔登法环	ai er deng fa huan	Elden Ring	game_ip	82
Elden Ring		elden ring|老头环	game_ip	82
老头环	lao tou huan	Elden Ring	game_ip	80
何同学	he tong xue	何同学UP主	celebrity	82
老师好我叫何同学	lao shi hao wo jiao he tong xue	何同学	celebrity	80
罗翔	luo xiang	罗翔说刑法	celebrity	84
罗翔说刑法	luo xiang shuo xing fa	罗翔	celebrity	82
papi酱	papi jiang	papi	celebrity	78
李子柒	li zi qi	Li Ziqi	celebrity	84
Li Ziqi		li ziqi|李子柒	celebrity	84
董宇辉	dong yu hui	Dong Yuhui	celebrity	84
Dong Yuhui		dong yuhui|董宇辉	celebrity	84
东方甄选	dong fang zhen xuan	East Buy	tech_company	80
疯狂小杨哥	feng kuang xiao yang ge	Xiao Yangge	celebrity	78
李佳琦	li jia qi	Austin Li	celebrity	84
Austin Li		austin li|李佳琦	celebrity	84
薇娅	wei ya	Viya	celebrity	76
Viya		viya|薇娅	celebrity	76
交个朋友	jiao ge peng you	Make Friends Live	tech_company	78
交个朋友直播间	jiao ge peng you zhi bo jian	交个朋友	tech_term	76
伯克希尔	bo ke xi er	Berkshire Hathaway	fintech	82
Berkshire Hathaway		berkshire hathaway|伯克希尔	fintech	82
芒格	mang ge	Charlie Munger	tech_leader	80
Charlie Munger		charlie munger|芒格	tech_leader	80
索罗斯	suo luo si	George Soros	tech_leader	78
George Soros		george soros|索罗斯	tech_leader	78
达利欧	da li ou	Ray Dalio	tech_leader	80
Ray Dalio		ray dalio|达利欧	tech_leader	80
桥水	qiao shui	Bridgewater	fintech	80
Bridgewater		bridgewater|桥水基金	fintech	80
黑石	hei shi	Blackstone	fintech	80
Blackstone		blackstone|黑石集团	fintech	80
KKR		kkr	fintech	76
红杉	hong shan	Sequoia	fintech	80
Sequoia		sequoia|红杉资本	fintech	80
a16z		andreessen horowitz|A16Z	fintech	82
Andreessen Horowitz		a16z|andreessen horowitz	fintech	82
高瓴	gao ling	Hillhouse	fintech	80
Hillhouse		hillhouse|高瓴资本	fintech	80
IDG		idg capital	fintech	76
经纬	jing wei	Matrix Partners China	fintech	76
Matrix Partners		matrix partners|经纬创投	fintech	76
真格	zhen ge	ZhenFund	fintech	76
ZhenFund		zhen fund|真格基金	fintech	76
源码	yuan ma	Source Code Capital	fintech	74
中金	zhong jin	CICC	fintech	78
CICC		cicc|中金公司	fintech	78
中信	zhong xin	CITIC	fintech	78
CITIC		citic|中信证券	fintech	78
华泰	hua tai	Huatai	fintech	76
Huatai		huatai|华泰证券	fintech	76
国泰君安	guo tai jun an	Guotai Junan	fintech	76
Guotai Junan		guotai junan|国泰君安	fintech	76
摩根大通	mo gen da tong	JPMorgan	fintech	80
JPMorgan		jp morgan|摩根大通	fintech	80
高盛	gao sheng	Goldman Sachs	fintech	82
Goldman Sachs		goldman sachs|高盛	fintech	82
摩根士丹利	mo gen shi dan li	Morgan Stanley	fintech	80
Morgan Stanley		morgan stanley|摩根士丹利	fintech	80
纳斯达克	na si da ke	Nasdaq	fintech	80
Nasdaq		nasdaq|纳斯达克	fintech	80
标普500	biao pu 500	S&P 500	fintech	78
S&P 500		s and p 500|标普500	fintech	78
道琼斯	dao qiong si	Dow Jones	fintech	76
Dow Jones		dow jones|道琼斯	fintech	76
恒生指数	heng sheng zhi shu	Hang Seng Index	fintech	76
沪深300	hu shen 300	CSI 300	fintech	76
比特币	bi te bi	Bitcoin	fintech	84
Bitcoin		bitcoin|BTC	fintech	84
BTC		bitcoin|比特币	fintech	80
以太坊	yi tai fang	Ethereum	fintech	82
Ethereum		ethereum|ETH	fintech	82
ETH		ethereum|以太坊	fintech	78
Solana		solana crypto	fintech	78
狗狗币	gou gou bi	Dogecoin	fintech	76
Dogecoin		dogecoin|狗狗币	fintech	76
美联储	mei lian chu	Federal Reserve	fintech	82
Federal Reserve		federal reserve|美联储	fintech	82
鲍威尔	bao wei er	Jerome Powell	tech_leader	80
Jerome Powell		jerome powell|鲍威尔	tech_leader	80
加息	jia xi	rate hike	fintech	74
降息	jiang xi	rate cut	fintech	76
量化宽松	liang hua kuan song	quantitative easing	fintech	74
